Keyword Stats 2024-08-17 BeABLE,,,,,,,,,,,,,,,,,,,,,,,,,
01 August 2023 - 31 July 2024,,,,,,,,,,,,,,,,,,,,,,,,,
Keyword,Currency,Avg. monthly searches,Three month change,YoY change,Competition,Competition (indexed value),Top of page bid (low range),Top of page bid (high range),Ad impression share,Organic impression share,Organic average position,In account?,In plan?,Searches: Aug 2023,Searches: Sep 2023,Searches: Oct 2023,Searches: Nov 2023,Searches: Dec 2023,Searches: Jan 2024,Searches: Feb 2024,Searches: Mar 2024,Searches: Apr 2024,Searches: May 2024,Searches: Jun 2024,Searches: Jul 2024
disability assistance bc,CAD,5000,0%,0%,Low,16,0.78,3.09,,,,,,,,,,,,,,,,,
bc disability support,CAD,50,0%,0%,Low,6,0.76,0.95,,,,,,,,,,,,,,,,,
disability benefits bc,CAD,5000,0%,900%,Low,12,0.74,2.46,,,,,,,,,,,,,,,,,
how to apply for disability in bc,CAD,500,0%,0%,Low,20,0.78,4.11,,,,,,,,,,,,,,,,,
bc disability eligibility,CAD,50,0%,0%,Low,11,,,,,,,,,,,,,,,,,,,
disability insurance bc,CAD,500,0%,0%,Medium,55,2.71,8.08,,,,,,,,,,,,,,,,,
autism funding bc,CAD,5000,0%,0%,Low,3,2.74,6.98,,,,,,,,,,,,,,,,,
apply for disability bc,CAD,500,0%,0%,Low,20,0.79,3.70,,,,,,,,,,,,,,,,,
disability bc,CAD,5000,0%,0%,Low,5,0.76,2.74,,,,,,,,,,,,,,,,,
disability benefits british columbia,CAD,5000,0%,900%,Low,12,0.74,2.46,,,,,,,,,,,,,,,,,
bc disability services,CAD,50,0%,0%,Low,12,0.76,2.74,,,,,,,,,,,,,,,,,
pwd benefits bc,CAD,500,0%,0%,Low,9,0.74,1.42,,,,,,,,,,,,,,,,,
how to get disability in bc,CAD,500,-90%,-90%,Low,20,0.76,3.74,,,,,,,,,,,,,,,,,
bc disability tax credit,CAD,500,0%,0%,Low,8,0.68,2.11,,,,,,,,,,,,,,,,,
how do i apply for disability in bc,CAD,500,0%,0%,Low,20,0.78,4.11,,,,,,,,,,,,,,,,,
how to get on disability in bc,CAD,50,0%,0%,Low,29,0.76,2.91,,,,,,,,,,,,,,,,,
disability application bc,CAD,500,0%,0%,Low,11,0.76,3.59,,,,,,,,,,,,,,,,,
persons with disabilities bc,CAD,500,0%,0%,Low,5,0.75,2.74,,,,,,,,,,,,,,,,,
apply disability bc,CAD,500,0%,0%,Low,17,0.76,4.22,,,,,,,,,,,,,,,,,
applying for long term disability bc,CAD,50,0%,0%,Low,18,,,,,,,,,,,,,,,,,,,
bc aish payments,CAD,50,0%,0%,Low,0,,,,,,,,,,,,,,,,,,,
bc bus pass for seniors,CAD,500,0%,0%,Low,1,,,,,,,,,,,,,,,,,,,
bc disability amount,CAD,500,900%,0%,Low,1,,,,,,,,,,,,,,,,,,,
bc disability amount 2021,CAD,50,-100%,-100%,Unknown,,,,,,,,,,,,,,,,,,,,
bc disability assistance rates,CAD,50,0%,0%,Low,5,,,,,,,,,,,,,,,,,,,
bc disability benefits rates,CAD,50,0%,0%,Low,9,,,,,,,,,,,,,,,,,,,
bc disability covid support,CAD,50,0%,0%,Unknown,,,,,,,,,,,,,,,,,,,,
bc disability fuel tax credit,CAD,50,0%,0%,Low,0,,,,,,,,,,,,,,,,,,,
bc disability income,CAD,50,0%,0%,Low,2,,,,,,,,,,,,,,,,,,,
bc disability income assistance,CAD,50,900%,900%,Low,3,,,,,,,,,,,,,,,,,,,
bc disability medical benefits,CAD,50,0%,0%,Low,5,,,,,,,,,,,,,,,,,,,
bc disability medical coverage,CAD,50,0%,0%,Low,4,,,,,,,,,,,,,,,,,,,
bc disability payments,CAD,500,0%,0%,Low,4,0.76,2.19,,,,,,,,,,,,,,,,,
bc disability payments 2022,CAD,50,0%,-100%,Unknown,,,,,,,,,,,,,,,,,,,,
bc disability pension,CAD,50,0%,0%,Low,7,0.72,1.78,,,,,,,,,,,,,,,,,
bc disability pension rates,CAD,50,0%,-100%,Unknown,,,,,,,,,,,,,,,,,,,,
bc disability qualifications,CAD,50,0%,0%,Low,10,,,,,,,,,,,,,,,,,,,
bc disability rates,CAD,500,900%,0%,Low,2,,,,,,,,,,,,,,,,,,,
bc disability rates 2021,CAD,0,0%,0%,Unknown,,,,,,,,,,,,,,,,,,,,
bc disability rates 2022,CAD,50,0%,0%,Unknown,,,,,,,,,,,,,,,,,,,,
bc disability support program,CAD,50,0%,0%,Low,3,,,,,,,,,,,,,,,,,,,
bc disability tax credit amount,CAD,50,0%,0%,Low,3,,,,,,,,,,,,,,,,,,,
bc employment and assistance for persons with disabilities act,CAD,50,0%,0%,Low,0,,,,,,,,,,,,,,,,,,,
bc gov disability benefits,CAD,50,0%,0%,Low,12,0.74,1.04,,,,,,,,,,,,,,,,,
bc government disability,CAD,50,0%,0%,Low,14,0.73,2.53,,,,,,,,,,,,,,,,,
bc government disability assistance,CAD,50,-100%,-100%,Unknown,,,,,,,,,,,,,,,,,,,,
bc government long term disability,CAD,50,0%,0%,Low,6,,,,,,,,,,,,,,,,,,,
bc income and disability assistance,CAD,50,0%,0%,Low,5,,,,,,,,,,,,,,,,,,,
bc medical disability,CAD,50,0%,0%,Low,8,0.71,0.92,,,,,,,,,,,,,,,,,
bc person with disability benefits,CAD,50,0%,0%,Low,17,0.91,5.40,,,,,,,,,,,,,,,,,
bc persons with disabilities benefits,CAD,50,0%,0%,Low,21,,,,,,,,,,,,,,,,,,,
bc provincial disability,CAD,50,0%,0%,Low,5,,,,,,,,,,,,,,,,,,,
bc provincial disability assistance,CAD,50,0%,0%,Low,4,,,,,,,,,,,,,,,,,,,
bc provincial disability benefits,CAD,50,0%,0%,Low,9,0.82,1.56,,,,,,,,,,,,,,,,,
bc pwd,CAD,500,0%,0%,Low,3,0.74,1.56,,,,,,,,,,,,,,,,,
bc pwd benefits,CAD,50,0%,0%,Low,5,0.74,1.32,,,,,,,,,,,,,,,,,
bc social assistance disability,CAD,50,0%,0%,Low,5,,,,,,,,,,,,,,,,,,,
bc social services disability,CAD,50,0%,0%,Low,23,,,,,,,,,,,,,,,,,,,
bc welfare disability,CAD,50,0%,0%,Low,5,,,,,,,,,,,,,,,,,,,
bc welfare disability rates,CAD,50,0%,0%,Low,0,,,,,,,,,,,,,,,,,,,
british columbia disability assistance,CAD,5000,0%,0%,Low,16,0.78,3.09,,,,,,,,,,,,,,,,,
british columbia disability payments,CAD,50,0%,0%,Low,2,,,,,,,,,,,,,,,,,,,
british columbia disability support,CAD,50,0%,0%,Low,0,,,,,,,,,,,,,,,,,,,
british columbia disability support program,CAD,50,0%,0%,Low,9,,,,,,,,,,,,,,,,,,,
british columbia disability tax credit,CAD,50,0%,0%,Low,7,,,,,,,,,,,,,,,,,,,
disability alliance bc disability tax credit,CAD,50,0%,0%,Low,3,,,,,,,,,,,,,,,,,,,
disability allowance bc,CAD,50,0%,0%,Low,5,,,,,,,,,,,,,,,,,,,
disability assistance bc amount,CAD,50,0%,0%,Low,3,,,,,,,,,,,,,,,,,,,
disability assistance rates bc,CAD,50,0%,0%,Low,0,,,,,,,,,,,,,,,,,,,
disability bc canada,CAD,5000,0%,0%,Low,5,0.76,2.74,,,,,,,,,,,,,,,,,
disability bc eligibility,CAD,50,0%,0%,Low,10,,,,,,,,,,,,,,,,,,,
disability benefits bc amount,CAD,50,0%,0%,Low,5,,,,,,,,,,,,,,,,,,,
disability benefits bc application,CAD,50,0%,0%,Low,19,,,,,,,,,,,,,,,,,,,
disability benefits bc canada,CAD,5000,0%,900%,Low,12,0.74,2.46,,,,,,,,,,,,,,,,,
disability benefits in bc canada,CAD,5000,0%,900%,Low,12,0.74,2.46,,,,,,,,,,,,,,,,,
disability benefits vancouver bc,CAD,50,0%,0%,Low,18,,,,,,,,,,,,,,,,,,,
disability british columbia,CAD,5000,0%,0%,Low,5,0.76,2.74,,,,,,,,,,,,,,,,,
disability calculator bc,CAD,50,0%,0%,Low,1,,,,,,,,,,,,,,,,,,,
disability coverage bc,CAD,50,0%,0%,Low,12,,,,,,,,,,,,,,,,,,,
disability eligibility bc,CAD,50,0%,0%,Low,6,,,,,,,,,,,,,,,,,,,
disability fuel tax credit bc,CAD,50,0%,∞,Low,0,,,,,,,,,,,,,,,,,,,
disability gas rebate bc,CAD,50,0%,0%,Low,2,,,,,,,,,,,,,,,,,,,
disability gas tax credit bc,CAD,50,0%,0%,Low,7,,,,,,,,,,,,,,,,,,,
disability help bc,CAD,50,0%,0%,Low,27,0.82,24.68,,,,,,,,,,,,,,,,,
disability insurance british columbia,CAD,50,0%,0%,Medium,60,4.81,11.12,,,,,,,,,,,,,,,,,
disability leave bc,CAD,50,0%,0%,Low,1,,,,,,,,,,,,,,,,,,,
disability monthly report bc,CAD,50,0%,0%,Low,0,,,,,,,,,,,,,,,,,,,
disability pay bc,CAD,500,0%,0%,Low,4,0.76,2.19,,,,,,,,,,,,,,,,,
disability payments bc 2022,CAD,50,0%,0%,Unknown,,,,,,,,,,,,,,,,,,,,
disability payments in bc,CAD,50,0%,0%,Low,5,,,,,,,,,,,,,,,,,,,
disability rates bc 2022,CAD,0,0%,0%,Unknown,,,,,,,,,,,,,,,,,,,,
disability rates in bc,CAD,50,0%,0%,Low,3,,,,,,,,,,,,,,,,,,,
disability savings account bc,CAD,50,0%,∞,Low,0,,,,,,,,,,,,,,,,,,,
disability savings plan bc,CAD,50,0%,0%,Low,7,,,,,,,,,,,,,,,,,,,
disability social assistance bc,CAD,50,0%,-100%,Unknown,,,,,,,,,,,,,,,,,,,,
eligibility for disability in bc,CAD,50,0%,0%,Low,14,,,,,,,,,,,,,,,,,,,
getting disability in bc,CAD,50,-100%,-100%,Unknown,,,,,,,,,,,,,,,,,,,,
how do you apply for disability in bc,CAD,50,0%,0%,Low,6,,,,,,,,,,,,,,,,,,,
how to apply for bc disability,CAD,50,0%,0%,Low,10,,,,,,,,,,,,,,,,,,,
how to apply for disability assistance in bc,CAD,50,0%,0%,Low,14,,,,,,,,,,,,,,,,,,,
how to apply for disability bc,CAD,500,0%,0%,Low,20,0.78,4.11,,,,,,,,,,,,,,,,,
how to apply for disability benefits in bc,CAD,50,0%,0%,Low,14,0.96,2.74,,,,,,,,,,,,,,,,,
how to apply for disability in bc canada,CAD,50,0%,0%,Low,14,,,,,,,,,,,,,,,,,,,
how to apply for disability pension in bc,CAD,50,0%,0%,Low,14,,,,,,,,,,,,,,,,,,,
how to apply for pwd in bc,CAD,50,0%,0%,Low,9,0.76,1.78,,,,,,,,,,,,,,,,,
how to get disability bc,CAD,50,0%,0%,Low,27,0.98,3.54,,,,,,,,,,,,,,,,,
how to get disability benefits in bc,CAD,50,0%,0%,Low,0,,,,,,,,,,,,,,,,,,,
long term disability bc pay,CAD,50,0%,0%,Low,11,1.24,11.02,,,,,,,,,,,,,,,,,
mental disability benefits bc,CAD,50,0%,∞,Low,0,,,,,,,,,,,,,,,,,,,
mental health disability benefits bc,CAD,50,∞,0%,Low,0,,,,,,,,,,,,,,,,,,,
person with disability application bc,CAD,50,0%,0%,Low,0,,,,,,,,,,,,,,,,,,,
pwd benefits bc amount,CAD,50,∞,0%,Low,0,,,,,,,,,,,,,,,,,,,
pwd disability bc,CAD,50,0%,0%,Low,3,,,,,,,,,,,,,,,,,,,
pwd eligibility bc,CAD,50,0%,0%,Low,2,,,,,,,,,,,,,,,,,,,
pwd health benefits bc,CAD,50,0%,0%,Low,0,,,,,,,,,,,,,,,,,,,
pwd medical benefits bc,CAD,500,0%,0%,Low,10,0.77,2.74,,,,,,,,,,,,,,,,,
qualifying for disability in bc,CAD,50,0%,0%,Low,20,,,,,,,,,,,,,,,,,,,
registered disability savings plan bc,CAD,50,0%,0%,Low,7,,,,,,,,,,,,,,,,,,,
social services disability benefits bc,CAD,50,0%,0%,Low,4,,,,,,,,,,,,,,,,,,,
temporary disability benefits bc,CAD,50,∞,∞,Low,0,,,,,,,,,,,,,,,,,,,
bc disability system problems,CAD,,--,--,Unknown,,,,,,,,,,,,,,,,,,,,